{
    "Kilogram": 1,
    "Gram": 0.001,
    "Milligram": 0.000001,
    "Pound": 0.453592,
    "Ounce": 0.0283495
}