{
    "Liter": 1,
    "Milliliter": 0.001,
    "Cubic meter": 1000,
    "Gallon": 3.78541,
    "Cubic inch": 0.0163871
}